﻿Board Layer Stack
Number;Name;Type;Manufacturer;Material;Process;Thickness (mm);Weight (oz);Dk;Df;Orientation;Copper Orientation;Description;Constructions;Resin (%);Frequency (GHz);GlassTransTemp (°C)
;Top Overlay;Overlay;;;;;;;;;;;;;;
;Top Solder;Solder Mask;;Solder Resist;;0.01016;;3.5;;;;;;;;
1;Top Layer 1;Signal;Altium Designer;CF-004;ED;0.035;1;;;Top;Above;Copper Foil;;;;
;Dielectric 2;Prepreg;Altium Designer;PP-006;;0.2;;4.6;0.02;;;;1080;62;1;180
2;Inner1;Signal;;;;0.0175;1;;;Top;Above;;;;;
;Dielectric 1;Dielectric;;FR-4;;1.065;;4.6;;;;;;;;
3;Inner2;Signal;;;;0.0175;1;;;Bottom;Below;;;;;
;Dielectric 3;Prepreg;Altium Designer;PP-006;;0.2;;4.6;0.02;;;;1080;62;1;180
4;Bottom Layer 1;Signal;Altium Designer;CF-004;ED;0.035;1;;;Bottom;Below;Copper Foil;;;;
;Bottom Solder;Solder Mask;;Solder Resist;;0.01016;;3.5;;;;;;;;
;Bottom Overlay;Overlay;;;;;;;;;;;;;;


Impedances
#;Target impedance (Ω);Type;Trace layer;Calculated impedance (Ω);Trace width (mm);Gap (mm);Reference layers;Stack
1;50;Single;Top Layer 1;49.9849;0.33742;;Inner1;Board Layer Stack

2;50;Single;Inner1;49.9915;0.24669;;Top Layer 1;Inner2;Board Layer Stack

3;50;Single;Inner2;49.9915;0.24669;;Inner1;Bottom Layer 1;Board Layer Stack

4;50;Single;Bottom Layer 1;49.9849;0.33742;;Inner2;Board Layer Stack


Via types
#;Name;Type;Layers;Stack
1;Buried 2:3;Buried;Inner1-Inner2;Board Layer Stack


No back drills
